{"cameraMode":{"drawMode":0,"name":"Shaded","section":"Shading Mode"},"sceneLighting":false,"audioPlay":false,"sceneViewState":{"showFog":true,"showMaterialUpdate":false,"showSkybox":false,"showFlares":true,"showImageEffects":true,"showParticleSystems":true},"in2DMode":false,"pivot":{"x":1997.427978515625,"y":-418.50201416015627,"z":-1325.580078125},"rotation":{"x":-0.11391766369342804,"y":0.6923480033874512,"z":-0.11208514124155045,"w":-0.7036590576171875},"size":6.1368489265441898,"orthographic":false}