{"cameraMode":{"drawMode":0,"name":"Shaded","section":"Shading Mode"},"sceneLighting":true,"audioPlay":false,"sceneViewState":{"showFog":true,"showMaterialUpdate":false,"showSkybox":true,"showFlares":true,"showImageEffects":true,"showParticleSystems":true},"in2DMode":false,"pivot":{"x":1996.199951171875,"y":-420.69775390625,"z":-1305.4000244140625},"rotation":{"x":0.126458078622818,"y":0.4505019187927246,"z":-0.064634308218956,"w":0.8814095258712769},"size":45.27067947387695,"orthographic":false}