{"cameraMode":{"drawMode":0,"name":"Shaded","section":"Shading Mode"},"sceneLighting":true,"audioPlay":false,"sceneViewState":{"showFog":true,"showMaterialUpdate":false,"showSkybox":true,"showFlares":true,"showImageEffects":true,"showParticleSystems":true},"in2DMode":false,"pivot":{"x":-714.36669921875,"y":71.85000610351563,"z":-7.717182159423828},"rotation":{"x":0.336397260427475,"y":0.08038175851106644,"z":-0.028831269592046739,"w":0.9378420114517212},"size":383.2456970214844,"orthographic":false}