{"cameraMode":{"drawMode":0,"name":"Shaded","section":"Shading Mode"},"sceneLighting":true,"audioPlay":false,"sceneViewState":{"showFog":true,"showMaterialUpdate":false,"showSkybox":true,"showFlares":true,"showImageEffects":true,"showParticleSystems":true},"in2DMode":false,"pivot":{"x":1996.199951171875,"y":-420.69775390625,"z":-1305.4000244140625},"rotation":{"x":-0.003214504336938262,"y":0.45109933614730837,"z":0.0016250202897936106,"w":0.8924662470817566},"size":111.61742401123047,"orthographic":false}