{"cameraMode":{"drawMode":0,"name":"Shaded","section":"Shading Mode"},"sceneLighting":true,"audioPlay":false,"sceneViewState":{"showFog":true,"showMaterialUpdate":false,"showSkybox":true,"showFlares":true,"showImageEffects":true,"showParticleSystems":true},"in2DMode":false,"pivot":{"x":-698.300048828125,"y":63.60178756713867,"z":-95.17976379394531},"rotation":{"x":0.12644656002521516,"y":-0.726446270942688,"z":0.1389567255973816,"w":0.6610445976257324},"size":348.19891357421877,"orthographic":false}